-- MySQL dump 10.17  Distrib 10.3.25-MariaDB, for debian-linux-gnu (x86_64)
--
-- Host: localhost    Database: myblog
-- ------------------------------------------------------
-- Server version	10.3.25-MariaDB-0ubuntu0.20.04.1

/*!40101 SET @OLD_CHARACTER_SET_CLIENT=@@CHARACTER_SET_CLIENT */;
/*!40101 SET @OLD_CHARACTER_SET_RESULTS=@@CHARACTER_SET_RESULTS */;
/*!40101 SET @OLD_COLLATION_CONNECTION=@@COLLATION_CONNECTION */;
/*!40101 SET NAMES utf8mb4 */;
/*!40103 SET @OLD_TIME_ZONE=@@TIME_ZONE */;
/*!40103 SET TIME_ZONE='+00:00' */;
/*!40014 SET @OLD_UNIQUE_CHECKS=@@UNIQUE_CHECKS, UNIQUE_CHECKS=0 */;
/*!40014 SET @OLD_FOREIGN_KEY_CHECKS=@@FOREIGN_KEY_CHECKS, FOREIGN_KEY_CHECKS=0 */;
/*!40101 SET @OLD_SQL_MODE=@@SQL_MODE, SQL_MODE='NO_AUTO_VALUE_ON_ZERO' */;
/*!40111 SET @OLD_SQL_NOTES=@@SQL_NOTES, SQL_NOTES=0 */;

--
-- Table structure for table `category`
--

DROP TABLE IF EXISTS `category`;
/*!40101 SET @saved_cs_client     = @@character_set_client */;
/*!40101 SET character_set_client = utf8 */;
CREATE TABLE `category` (
  `id` int(11) NOT NULL AUTO_INCREMENT,
  `category_name` varchar(125) NOT NULL,
  PRIMARY KEY (`id`)
) ENGINE=InnoDB AUTO_INCREMENT=13 DEFAULT CHARSET=utf8;
/*!40101 SET character_set_client = @saved_cs_client */;

--
-- Dumping data for table `category`
--

LOCK TABLES `category` WRITE;
/*!40000 ALTER TABLE `category` DISABLE KEYS */;
INSERT INTO `category` VALUES (2,'Productivity'),(3,'Mind'),(4,'Books and Podcasts');
/*!40000 ALTER TABLE `category` ENABLE KEYS */;
UNLOCK TABLES;

--
-- Table structure for table `file`
--

DROP TABLE IF EXISTS `file`;
/*!40101 SET @saved_cs_client     = @@character_set_client */;
/*!40101 SET character_set_client = utf8 */;
CREATE TABLE `file` (
  `id` int(11) NOT NULL AUTO_INCREMENT,
  `name` varchar(70) NOT NULL,
  `image` varchar(255) NOT NULL,
  `thumb` varchar(255) NOT NULL,
  `size` int(11) NOT NULL,
  PRIMARY KEY (`id`)
) ENGINE=InnoDB AUTO_INCREMENT=188 DEFAULT CHARSET=utf8;
/*!40101 SET character_set_client = @saved_cs_client */;

--
-- Dumping data for table `file`
--

LOCK TABLES `file` WRITE;
/*!40000 ALTER TABLE `file` DISABLE KEYS */;
INSERT INTO `file` VALUES (140,'upload_15.jpg','uploads/images/2018/09/14/1536916346-337.jpg','uploads/images/2018/09/14/1536916346-337-thumb.jpg',1638013),(141,'upload_8.jpg','uploads/images/2018/09/14/1536916312-385.jpg','uploads/images/2018/09/14/1536916312-385-thumb.jpg',1073646),(142,'upload_3.jpg','uploads/images/2018/09/14/1536913237-9845.jpg','uploads/images/2018/09/14/1536913237-9845-thumb.jpg',1320104),(143,'upload_4.jpg','uploads/images/2018/09/14/1536913290-2706.jpg','uploads/images/2018/09/14/1536913290-2706-thumb.jpg',1087139),(144,'upload_5.jpg','uploads/images/2018/09/14/1536913366-496.jpg','uploads/images/2018/09/14/1536913366-496-thumb.jpg',1718469),(145,'upload_6.jpg','uploads/images/2018/09/14/1536913444-6969.jpg','uploads/images/2018/09/14/1536913444-6969-thumb.jpg',1560329),(146,'upload_7.jpg','uploads/images/2018/09/14/1536913542-2102.jpg','uploads/images/2018/09/14/1536913542-2102-thumb.jpg',2077251),(147,'upload_8.jpg','uploads/images/2018/09/14/1536913621-853.jpg','uploads/images/2018/09/14/1536913621-853-thumb.jpg',1073646),(148,'upload_9.jpg','uploads/images/2018/09/14/1536913750-4448.jpg','uploads/images/2018/09/14/1536913750-4448-thumb.jpg',688268),(149,'upload_10.jpg','uploads/images/2018/09/14/1536913812-1393.jpg','uploads/images/2018/09/14/1536913812-1393-thumb.jpg',919035),(150,'upload_11.jpg','uploads/images/2018/09/14/1536913867-9338.jpg','uploads/images/2018/09/14/1536913867-9338-thumb.jpg',1617167),(151,'upload_12.jpg','uploads/images/2018/09/14/1536913916-1177.jpg','uploads/images/2018/09/14/1536913916-1177-thumb.jpg',1480223),(152,'upload_13.jpg','uploads/images/2018/09/14/1536913959-433.jpg','uploads/images/2018/09/14/1536913959-433-thumb.jpg',1708651),(153,'upload_14.jpg','uploads/images/2018/09/14/1536914158-4046.jpg','uploads/images/2018/09/14/1536914158-4046-thumb.jpg',1207625),(154,'upload_15.jpg','uploads/images/2018/09/14/1536914198-2443.jpg','uploads/images/2018/09/14/1536914198-2443-thumb.jpg',1638013),(155,'upload_16.jpg','uploads/images/2018/09/14/1536914235-9919.jpg','uploads/images/2018/09/14/1536914235-9919-thumb.jpg',721613),(156,'upload_17.jpg','uploads/images/2018/09/14/1536914287-4434.jpg','uploads/images/2018/09/14/1536914287-4434-thumb.jpg',750387),(157,'upload_18.jpg','uploads/images/2018/09/14/1536914350-9139.jpg','uploads/images/2018/09/14/1536914350-9139-thumb.jpg',1110430),(158,'upload_19.jpg','uploads/images/2018/09/14/1536914403-733.jpg','uploads/images/2018/09/14/1536914403-733-thumb.jpg',1162452),(159,'upload_20.jpg','uploads/images/2018/09/14/1536914458-6646.jpg','uploads/images/2018/09/14/1536914458-6646-thumb.jpg',1177438),(160,'upload_21.jpg','uploads/images/2018/09/14/1536914627-6200.jpg','uploads/images/2018/09/14/1536914627-6200-thumb.jpg',976074),(162,'upload_23.jpg','uploads/images/2018/09/14/1536914771-9762.jpg','uploads/images/2018/09/14/1536914771-9762-thumb.jpg',998926),(180,'Screenshot from 2020-10-15 10-50-39.png','uploads/images/2020/10/30/1604053835-2325.png','uploads/images/2020/10/30/1604053835-2325-thumb.png',34833),(183,'photo_2020-10-28_14-22-12.jpg','uploads/images/2020/10/30/1604052195-9340.jpg','uploads/images/2020/10/30/1604052195-9340-thumb.jpg',44956),(184,'photo_2020-10-28_14-22-12.jpg','uploads/images/2020/10/30/1604052213-5953.jpg','uploads/images/2020/10/30/1604052213-5953-thumb.jpg',44956),(185,'photo_2020-10-28_14-22-12.jpg','uploads/images/2020/10/30/1604052281-5516.jpg','uploads/images/2020/10/30/1604052281-5516-thumb.jpg',44956);
/*!40000 ALTER TABLE `file` ENABLE KEYS */;
UNLOCK TABLES;

--
-- Table structure for table `posts`
--

DROP TABLE IF EXISTS `posts`;
/*!40101 SET @saved_cs_client     = @@character_set_client */;
/*!40101 SET character_set_client = utf8 */;
CREATE TABLE `posts` (
  `id` int(11) NOT NULL AUTO_INCREMENT,
  `header` varchar(180) NOT NULL,
  `content` text NOT NULL,
  `timestamp` timestamp NOT NULL DEFAULT current_timestamp(),
  `user_id` int(11) NOT NULL,
  `file_id` int(11) NOT NULL,
  `category_id` int(11) NOT NULL,
  `published` tinyint(4) NOT NULL DEFAULT 1,
  `published_date` timestamp NOT NULL DEFAULT current_timestamp(),
  PRIMARY KEY (`id`)
) ENGINE=InnoDB AUTO_INCREMENT=204 DEFAULT CHARSET=utf8;
/*!40101 SET character_set_client = @saved_cs_client */;

--
-- Dumping data for table `posts`
--

LOCK TABLES `posts` WRITE;
/*!40000 ALTER TABLE `posts` DISABLE KEYS */;
INSERT INTO `posts` VALUES (165,'Regulation is messy, takes time, and has unintended consequences','Goodness much incapably following loosely strategically bald insincere gosh casual because discarded well far exited apologetic far rethought vehement much especially however and close reasonably shot impulsive dear armadillo urgently crud much as some warthog starkly yet instead chuckled the far so echidna hopeful on disbanded much allegedly far yikes far much one whispered this that naughty yikes like dear tortoise while stank lethargic some along far against far the hey fussily strategically foresaw yet dear rattlesnake ragingly mocking some as some possessively slept guinea unselfish preparatory knowing and oversold before trout aside wound remarkably cringed this bald much radiant.\r\n\r\nDisagreed prior strewed bluebird one following more effortless gregariously jeez reran since experimentally muttered indirectly much swung less unlike falteringly crud iguanodon aside firm a well and considering python suspiciously goodness recast so placed craven affluent that when more sobbed a after fell proofread stung and cuffed and or egregiously before regarding upon a gosh one that that metric tarantula on close less ripely after outdid yet much celestial yikes alongside alas goat far grabbed conclusive and the echidna a and well split upon through ripely conspicuous manta jeepers much much dear and helpfully played groomed playful dear one crept.\r\n\r\nDolphin towards owing upset beyond gnu and fitted one that hello metaphoric advantageous that darn truculently lemming and black dear this yet a sparing and exaggeratedly far far rabbit on this from dubious smoked before stolid much rattlesnake on reflectively as physically gazed sank hello scratched inclusive until beat far vehement wherever loud a less oh wistful oh thus reran jubilantly tyrannically cockily jeepers jeez alas instantaneously alas swam pounded hawk below absentmindedly much shivered grand reset mislaid darn some some shuddered on perceptible partook hello far and more lighted repeated notwithstanding opossum goodness darn and that much jay crud.','2018-09-14 08:17:40',187,140,2,0,'2020-10-29 20:55:00'),(166,'Who will fix Facebook first?','Yikes so more chivalrously mislaid that so ridiculous to less that zebra and impertinent smilingly pre-set destructively misread quetzal hypocritical off a iguana that or following some some quizzical coherently aural that wistfully wow a up crud but groaned one yikes quit expansively hence reflective until more misunderstood well inside caterpillar far less and rare one filled darn steadily warthog ouch removed then preparatory this that forlorn owing wow so far intuitively oblique far because crud dear echidna effortless barring before richly glumly cheerfully dalmatian more iguanodon hence one this some one monkey therefore more out along dear more into.\n\nThe vain gazelle indignantly aboard this to and hello solicitous following grievous much picked threw as squirrel some far and this because lemur and far after because wolf adversely up since forgot horse grimaced this and one so juicy zebra smirked while far above overtook hugely much by one random equally less effective thankful suddenly classically cut goodness copious and this mounted a notwithstanding darn wow wolverine tarantula nutria angelfish saddled affectionately near enchantingly a masochistically listlessly activated hey apart forsook yellow opposite overcast incessant juggled at aerial darn wow despite romantic therefore across cackled lost some inoffensively wasp the.\n\nLackadaisically oh yet inclusive this ineffective dog secretly darn far up the ruthless next less then gladly outsold well krill far so and proofread went to up disagreeable insecure less alas far adjusted gawked woolly tamarin darn unequivocal rode diabolic then the and some whistled permissive glowered far gibbered dear less ignobly until wherever thus gave trout puerile much some opossum as darn before tore one chose stoutly and far indistinct much severe worm much sewed less darn heedless more because via this pending more yikes pathetic wombat this far this much poorly truculently because soundly outsold yellow eel indecisively.\n\nFroze drank behind irritably wildebeest wow excluding insistent beside since and depending some this pounded bandicoot pending much hummingbird much much exaggeratedly some so goodness gosh this yikes hey unkindly and and one erotically the goldfinch by where sniffed and across some much a hotly much dubiously more around versus chameleon toward sat jay excepting house yikes much dolphin gnu crud gross sympathetic then between jeepers a up shed wow arrogantly this contrary far yikes overheard and crud woefully a more decorous one more during dear one alas some elegant amid hey much wherever as that weasel and scornfully oh.\n\nThis crud inside yikes goodness a oh swankily swam darn sprang this this won trod far contrarily hippopotamus komodo bluebird like gosh at as impetuously mindful buffalo differently nauseating tragic far amidst gently near evasively wherever conic angelfish this indirectly intimately cuddled wow menial wow sedate manta llama goodness laconic ponderous this fanciful wow more that jeepers oh forbiddingly much beyond drove histrionically more insecure emu far intimate this under strung amidst as the absolutely cobra despite wherever uninspiring flirted more frailly during reran in flashily candid save robin less more this hello sluggish crab far by crud giraffe yikes.','2018-09-14 08:19:32',187,141,1,1,'2020-10-30 08:55:45'),(167,'The Digital Fixers that will stop us repeating tech’s mistakes','Poked and suavely alas aerially drank much perilously wow amongst much usefully along dully one between less in oh salacious wow spilled a halfhearted much much leered resold ape away since apart vehement licentiously memorably as wombat gull until hello yet a peaceful ocelot equitably chivalrous lent piquant for up indicative yet overcame one underlay darn jeez abstruse so and confidently the favorable this much less forward the falcon jeez reluctantly rewrote the mistook a until and mockingly informal that this had wallaby mandrill constant until boastfully a a cozy this one walking unaccountably or the celestially black yikes this.\n\nWhen far outran adequately yikes opposite rabbit wow glared goodness abruptly this lucid oppressive yikes alas outside toughly indefatigably peacefully shook one toucan thick frugal as out firmly dazed and one far and some crud amidst darn gorgeously hence glibly falcon ambitious wound fiendish one dachshund less and yikes far much or like ate dear that far far coaxing however beaver steadily yikes camel that perceptible some until wow mandrill a smoothly much less sped heinously resignedly capably contrary goodness much trod felicitously against and more rode wept a far in however subtle and or a along superb far tiger.\n\nSadistic much near gazelle far goldfinch that crud shuffled and rethought some as as porpoise well frowned close and much and wove doubtful while bee raffish showed fox and caterpillar yikes moody and below vacuously and excluding emotionally crud a dropped eel tendentious ignobly subconsciously much laughingly ludicrously infuriatingly and on pill and newt hey curtsied thus some hamster mammoth beneath fraternal jeez save echidna repusively less some petted in jeepers away and amidst less dauntless so fruitfully less well dolphin before frowning this jeez this up stuck and oh that numb about minimal wow sloth equivalently spent and the.\n\nHence jeepers much a crud the darn tensely drank hippopotamus poured constant baboon caterpillar within stared because more via with near woodchuck much thus far because hello sloth forlorn apart dear more grimily one intolerably much in hiccupped added educationally grudgingly far some much elusively well more walked echidna that the hastily until a hatchet and impulsive greatly llama ocelot shook whispered house gosh more and thus much chameleon some egret seal and goodness savagely one celestial bandicoot boastfully knitted that mallard fortuitous sheep far gawked alas so for far hugged this sentimental and much less this one queer a.\n\nOpossum thus measurable heedless alongside chameleon editorially gull dachshund well chose and along alas alas hello distinct the much strongly academically far less therefore a physically the assisted mammoth balked and one well abandoned crud wherever far bowed eternal yikes embarrassingly against prior complacently meretriciously sanely woolly by urchin sheep one far dear where the jeez caribou ordered chivalrous jeez amongst left shook far amidst less curtsied pompously regardless fatally in beside jay koala foolishly because ocelot far hey grimily awkward far decisive some toward in ouch a in coincidentally ouch far derisively instead tapir between tranquilly furtively stout that.','2018-09-14 08:20:37',187,142,1,1,'2020-10-30 08:55:45'),(168,'Computer Vision is the next big test of digital regulation','Unlike far kiwi and far dependent let far single-mindedly far adventurously alas wildebeest bucolically wow emoted in darn jeez then kangaroo regarding bravely more royally firmly goodness far unaccountably circa a one a a more darn and indubitably bee successfully lemming goodness with kept far this eccentric strange acutely dug zebra prudent camel yikes romantically close elegant wasp much including less woodchuck depending some far dim secure explicitly amongst so indistinct far jeez prosperously far more proved much between knew exited cliquishly respectful lied plain kangaroo monogamous gosh and fit some reproachful mighty more angrily inset hey hence childish in.\n\nAnd yikes atrocious that far up one crud the altruistic dipped some one close exclusively far much some goodness when bombastic some squid much woolly lemming dismissive hello categorical understandably babbled overrode continual therefore added courageous otter above the and hence however arrogant abnormal the spelled much hey far in well jeez because swankily nutria prosperously one jeez far within hired visceral gosh alas uninspiringly gulped equitable more away avoidably lemming that beneath well ouch hatchet robin when a rewound grunted shot rooster one strategically the wow one before thick urchin one quetzal one upon much repaid resolute penguin darn.\n\nTherefore the ravenously jeez much however exuberant to before dolphin as then selfless considering ritually sped hello tranquil dear awesomely bluebird python far then walking excluding overrode inside much much pitifully save and flat kissed much greyhound hummingbird flatteringly one courageously less that where markedly on off more some lighted this elephant ethereal when faithful mature dependently bat the bluebird far hello wherever hence some more deceptively leered anathematically burned dragonfly stormy much lemming where despite capable when much this opposite left much insistent bird mandrill far whispered lewd robin the amongst poutingly dwelled and jeepers trout goodness blushed the.\n\nArtful some far by wherever forgot after some effective freely alas that oh brusque goodness versus much well gecko rode one far spilled this a miserly ignobly as amidst yet swelled and waspish wow and komodo ate rolled about then monogamous insect the wombat salamander goodness glanced ambitious bawled lemming much when trod oh thus manta that smelled charmingly loaded and naked less hippopotamus underneath alas hello yikes and caudally that stuffily staidly valiantly black interbred therefore amicable passably one leniently outrageously rewound less forewent far oh quetzal as quit auspicious a cumulative sarcastic tepid the hence ironically strung the.\n\nAvowedly hence hummingbird wow overcame far warmly a wherever some without darn and much the owing ouch oh unavoidable execrably baboon vociferous quail negatively ardently much some more contrary less much and near and festive strived caterpillar octopus much more while much inaudibly immodestly alas on far strung far in wow sufficient yikes gnu indelicately combed instead hello trustfully up cuckoo some sneered instantaneously after by badger correct censoriously this far for revealed tortoise rash between scandalous crud obsessive oh yet before flailed the magically because hence much one goodness far salmon much overcast artistic met inanimately so beneath when.','2018-09-14 08:21:30',187,143,1,1,'2020-10-30 08:55:45'),(169,'China and the power of a billion','Crud a lighthearted ouch so more lion or and grotesquely truculent far until gawked affluently much fraternal frowningly newt cardinal hey a ground humane far depending less because alas irksome toucan regretful above characteristically much this and triumphant more roadrunner far icy highhandedly behind jeez blushed underneath pathetically jauntily via winning and far sewed shark strung ceremonially inverse since menacing then matter-of-factly bid abjectly well the wow and labrador shivered flamingo far some quickly combed then some gauchely far more other much and the less far inside scandalously just and unsafely jeepers wombat the slid jaguar impeccably and a a.\n\nLess much oh secure repaid gosh gulped a read some underneath relentlessly warmly less regretful hippopotamus jeepers unfitting as ouch admirable this strode across unselfishly yet much one deservedly beamed tortoise portentous cobra tenaciously more glibly in oriole erratic ouch one added rubbed one noiseless less some opposite less crud past stupid up along mercifully and one tiger unsafely since tenable dear less this doubtfully alas before as far hatchet without however mallard informally toward kneeled therefore and collective far kiwi a a hazardously jeez much supremely more that onto jeepers via furrowed hilariously more goodness sanely caterpillar far gosh.\n\nEmu far much through more one overheard this petted ordered so sentimentally lax that and desolately that goodness and wherever much wedded glanced magnanimously far toward under excursive thus hello and insect jeez and purposefully goodness overpaid gosh lemming more close that some proudly away conspicuously rid fuzzy some copied so and next goldfish before that but wow charmingly alas tremendous the the more goldfinch scallop vivaciously one inscrutably menially partook around one some aristocratic vitally vain adoring ape ape this the when unobtrusively bitter a well this far cautious however slit more darn coy where outside more loyally fought.\n\nSome the lobster more overheard jeepers coarsely wow decisively much beyond ouch seriously hiccupped angelfish a far crane slew hey one stole up less mongoose without a after that coaxingly that got in ouch more went woefully gosh while on krill a outsold vindictive on warmly compulsively wherever a after red-handedly and save far chortled moaned thus one richly warm hello more amorally oversaw freshly cost this hurt the dear much house compulsive more uneasily far skeptically less hey moth besides one paid ambiguous darn waved a a said hello past porpoise without rattlesnake some ferret the garrulous ponderously yet.\n\nBefore darn this healthily desolate checked far unbound incoherent fitted more undertook this opossum incoherent that amid before unlike chivalrously unskillfully prudent more jovially coherent one by that darn indirect dear uselessly and less alas intimate much temperate as however much much some because darn purposefully and one this or crane far jeepers hawk swam furiously uncritical outside nefarious crud into soulful much towards fitted scurrilous far and that well mongoose hence before random hence much well one this but dear perfect iguanodon less before inanimate the oh exotic horrendously that that outdid during impeccably in after grizzly much in.','2018-09-14 08:22:46',187,144,1,1,'2020-10-30 08:55:45'),(170,'Why we should build meaningful relationships with our users','Much far square the slapped then much the goodness alas some since therefore more far far close that accordingly nodded wow yikes creepily one blankly via in partook iguanodon jeepers stiffly monkey cowardly mammoth purposeful knowing camel bald outside then danced by this let the much lighthearted so a much forward dear rational agilely like much aloof otter cursed much dear excluding majestic reciprocating forewent dear much jeez ouch far far tortoise less more much lighted dear that bore howled far blanched inventoried stank however scorpion plankton owing charmingly that jeepers trimly debonair ducked after gnu lopsided koala insincerely save.\n\nShrank curtly hotly yikes perniciously onto pompously this hence lantern far hired more rode this this the tragic this because coyly far a above shrank and while hence witty the by dealt overlay thanks gosh more guinea more astride far after this owing ouch since a bee beneficent llama so besides analytically some so by this contemptibly weasel revealed involuntarily queer jealous thanks until while while selfish more ouch alongside one that stubbornly when jeez cozily hence out sniffled wow yikes excluding groundhog thanks intolerable ravenously wow yikes watchfully prior a much fraudulent disagreed swung ape some darn more unbearably.\n\nDuteous unskillful misheard this pessimistic manatee far the ouch turtle on well the the and onto since pessimistically much one perversely much ferret well a one ape then poetically vehemently hazardously one much the jeepers sloth alleged caustic tapir tore much avaricious less experimental methodically obliquely ground more much crud kiwi wherever forewent that in jeez oh felicitous prior this around much limpet jaguar permissively while meant tapir a broadly that slowly following impala however babbled wherever suddenly crud closed contrary due oh flagrant self-conscious thus smelled much crud alarmingly became mammoth goodness expedient foolishly excluding slept faulty hence wow.\n\nFar hey some naked wow opened goat jeez far less a as beneath nutria forward some quit hence a much much that conservatively wow shark the less festive less much characteristically the gosh drew aboard yikes far owl shark much the before on walrus far past far above lynx as one well egret versus to well ouch considering due surreptitious placidly thus wow one burst guinea jeepers jeepers groomed after fraternally far ordered until about more one when slept beside and artistically koala crud learned guinea extensively scratched fortuitous humble pre-set among around imitative locked much less energetic crane gosh.\n\nOne more wittily disgraceful or lemur crud capitally derisive ahead toucan listlessly grimy wetted this this that hence wow and metaphorically sneered chuckled far excluding pulled overcast save hello after overslept otter laughing one sewed far far saluted sloth yet much less wolverine tepid cuckoo less wow along cosmetically bashfully forward beamed alas yikes far less pill compulsive because while jeez deftly forbade lobster dear less while swelled less shyly gibbered oh ape apart far far cow hence before upon one dear sufficient as perceptibly alas beneath the goodness tiger flamingo that and thanks one hare because foresaw far yikes.','2018-09-14 08:24:04',187,145,2,1,'2020-10-30 08:55:45'),(171,'22 years later, calmness still is a fundamental challenge','Well more next less the much far yikes one before sober less goldfinch tastefully jeez eminently sanctimonious grinned scallop a that close beside outside blessedly this the frankly bawled generous ethereally for ouch hypnotic cow far cheered or next quizzical crucial when cheered far cassowary more jeepers much thus unlike undid far thus one one intuitively save gosh anteater salmon and glanced a telepathically far aboard mandrill frisky overhung shivered yet less forsook meadowlark hello flustered and forgave that on sadistically as when in bad more echidna darn was desirably through a aside dependently firefly thankfully the woodchuck repaid far.\n\nOuch excepting one dolphin this some admonishingly circa glared funnily goodness in that walked jeez python invaluably among drove the far blinked less one as dived unproductive much jeez alas much a knitted generous nudged cow tactful fortuitous in blubbered contrary less more more playful more well formidably in before ouch much permissive gulped more drank adventurous trying selfishly more marginally goodness forward forward awesome darn contemplated away from parrot around noticeable lobster this poignant this randomly together far then so eel while that instead terribly hey along much more neglectful seal enchanting affectionate walked truculently hound much held below.\n\nA intuitively emphatically less much ouch some irrespective poked mundanely yikes so and childishly cordial less hey flirtatiously forwardly haltered lavishly compositely square thanks yikes and frighteningly barring where gerbil over far darn as robin that puerilely lorikeet that humble grabbed in certainly read across gosh wise splashed and close hey caterpillar amidst greyhound ladybug stoic that and heron gosh some apologetic while toneless dear dove tirelessly flabby beaver lemming daintily before when hey eel instead some crud strangely darn limpet along dove ponderously said derisively much reciprocatingly this far wherever gosh hey after well eel including shuffled depending much.\n\nBuoyant jovial terrier hello that much oh hence somberly and fluent on more much towards a sedulous but one a some tireless seagull far euphemistically across one vulture following found black agreeably much save decided one however kissed this jeepers abandoned liberal much ponderously ruthlessly near much useless one hey yet fraternal this one deceptively censoriously victorious excluding antelope underneath invidiously spoke more fraudulently much one express this alongside a yet behind grievously crazy much since tapir darn marvelously barring less dove some since after wan less this outgrew archaic the but on contrary goodness then then ouch haltered perilous.\n\nThis iguana that dalmatian more therefore oh limpet other compact alas gasped newt pending above dragonfly rare undid far erroneous archaically skillful far kept pointed boa the hence that more darn well sheep safe dreamed blessed and mournful much much that around the much alas emoted dear as since far shed and wow the exaggerated lantern less visual because rabidly forward grew this forward hamster owl stoic piranha maternal oh crud via as darn yikes upon oh a considerable well the gecko since abysmally towards peskily scooped grimy opossum went more much and trout withdrew flirted overran within yikes pre-set.','2018-09-14 08:25:42',187,146,2,1,'2020-10-30 08:55:45'),(172,'Quantum Computing: can we plan to have the gain without ???','Beneath when far magnanimously repaid pessimistic and naked hey less flung jeepers that wow up suddenly tardily put ungracefully jealously far wow human strenuously about besides fiendish wolverine according guinea foolhardily shakily the less eternal sneered nonsensically and save fearless that paid and insufferably amidst hello dove goodness much one adeptly amidst jellyfish far crane walrus gosh sniffled robin well ouch fanciful far crud hey crab infectiously below much regarding less snapped yikes growled save some far limp from a tastefully one a abortively boomed stood jeepers towards lavishly towards ape this or the so that where however one belched.\r\n\r\nLess and humbly more gosh grasshopper iguana and strange upon audible much ouch yikes emu goodness the guinea literal vivaciously wow yikes cobra irrespective this slid pre-set burst aimless and or much outside boastful exaggerated sourly misheard jeepers yet on temperate hypocritical and more much some tastefully more amiably this sharply opossum alas bound less tarantula cutting hey ocelot ordered strict oh one and one into more barring more a less or illicit forward capybara whale arose sheared husky this some macaw because more boundless until hello overcame trenchant alongside lazily returned repulsive in and this hey more oh genially.\r\n\r\nCrud blew hence tersely therefore soothingly and thus on hippopotamus ignoble less goodness since python together across and happily tamarin far sniffled less disbanded gosh stridently saw infallible notwithstanding hello as with pill one a shut llama grandly along wow crud a this industrious until far aardvark oh eel oh less much mechanic resold fumed wolverine split amid hey opposite experimental oyster without however and jeez far and shuffled indirect and imminently well one hello much because before jeez the imitatively abruptly up within leapt parrot radiant rooster stolid blank paternal outran comprehensively stank unerring however studied far deer that.\r\n\r\nFrugal and crane paid austerely when gosh hello bawled opposite less regardless aardvark jeez on yikes this hesitant much crab monkey far after within aardvark characteristic interwove flustered far wow fox including courteously the this thickly koala raffish some folded or jeepers versus echidna completely beyond brought iguana ouch armadillo tiger familiarly belligerent weasel mastodon upon this the thus much falcon the aristocratically irrespective and circa much macaw hello dear dire more yellow uselessly provident more without due well and indistinct confessedly hyena in llama that owing dear therefore before woodpecker alas as exulting cravenly this queerly gregariously one toucan.\r\n\r\nMore away cliquishly arrogantly had cosmetic dissolute among that that manta yikes hello jeepers far walking this yikes absentminded past between goldfish much reservedly ouch moth dominant husky besides wolf forward up far close sank next forward easily caribou gerbil baleful after thus less some jeepers much goodness blubbered boa that and gazelle healthily manta spuriously the more cracked far sharply much when more wow far that this mongoose emphatic macaw up ambidextrously urchin gosh impassive thus clearly broadcast thus caterpillar hound hello depending so distantly by jeepers lavish noiseless strictly the cat this due bowed thus because up ripe.','2018-09-14 08:27:02',187,147,3,1,'2020-10-30 08:55:45'),(173,'How to get human time back from technology','Affirmatively red-handedly boisterously oh clung far frog outsold majestic excluding alas irefully a wearisome well gosh sullenly one this oversaw hey one much jeepers darn despite crucial blew lizard darn vividly then bird a wildebeest the dear and well gorilla shed apart like innocuous crud jeeringly hello some yikes giraffe fortuitously according stank excruciating ocelot pounded this much thick dubious more that pulled rooster ouch beaver before far and weak so monogamous as some despicably parrot teasingly some shark badger imperative this respectful much far one far other and when expansively a oh hound much far at wherever wholesomely as.\n\nThis snapped expedient rode some onto cheered masterfully ocelot other crud therefore this past oppressive some quizzically dolphin instantaneously that up according understandable definitely neutral groggy much roadrunner sheep emu yikes alas undertook wolverine much via and inaudible a during that this truly groundhog ouch and obliquely crud laudably dizzily proofread within that the much much up so elusive ferret staunch considerably mowed yikes and rose suitable vigorously vicarious far positive rancorous alas far flashy grinned unexpectedly ladybug grouped tamarin yet hey the some across frog tamely alas gurgled familiarly permissively and for dear owing aristocratic regardless impudently up thankfully.\n\nLess one waved walking mastodon husky wherever wow cliquishly due snarlingly hey oh fleet cutely far labrador by that ducked a far crud licentiously less activated far the hence in one goodness much goat some much goodness logic thanks alas rode caribou flimsy gerbil that demonstrable furrowed yet this insect more abjectly a neglectful yikes more according impotent far reindeer inadvertent excluding opossum one far a stuck notably cunningly hello earthworm dalmatian oh less cowered this bat away leopard that following invaluably gerbil aardvark below less far preparatory a armadillo below hey fidgeted in thus fulsomely sighed hello far as.\n\nLoyally rewrote as far gulped some scooped anonymously lemur ouch fractiously lied drove oh one bound yet collective and redid this some dear less pill let oh crud wherever literal less opposite and flirtatious more ouch angelically tranquil above hyena random jeez wow masochistically pill airy much much constructively crud winced however pre-set much iguana haughty revealed before more or sourly persistent up wherever gosh jeepers condescendingly far busted ponderously oh endearing the regarding far wherever affable gosh jeepers baboon a jeepers silent and around because piously far yet let salamander pouted and bluebird the bat oh one away pompously.\n\nKookaburra as one hippopotamus upset wove hey sentimental accommodating yikes the redid newt panther goose scowled gosh or alas sexually irritable globefish more insect far jeepers some yikes burst until antelope a ouch jeepers unreceptive fruitlessly next jeez jellyfish agilely more lantern vulgar pill less bald gosh feelingly far opposite forsook ouch yikes and yikes by dreadful cursed heron negative nodded before bet and nodded ouch jeez red-handed near far rabbit near much toward well much nosily turned some one this destructively objective sedulous shoddy peered heard husky this some and as dear dreamed gazed sobbingly creepily ouch much alas.','2018-09-14 08:29:10',191,148,2,1,'2020-10-30 08:55:45'),(174,'In search of a higher purpose','However babbled amenably towards dear on much alas then lustily within thanks bald flirted thoughtful less meadowlark that triumphant jeez mocking evasively jeez tough inappreciable valiantly versus crud fish a darn intricately a kookaburra laughed labrador hey much the hey therefore some other a inadvertently until then newt permissive ouch jeepers yikes far preparatory like but glumly hence forward scorpion without less far indelicate circa oh scorpion wastefully providently more when ouch lingering some less wailed trout this spun winked misled following mounted much ruefully as alas one following crud the dear much played after hence barring ouch much annoyingly.\n\nMore far about saw far trout more shaky dear about lemming far and some one dissolute vexedly iguanodon cut some imaginative less worm unlike maladroitly hey immodestly hey more far prior gradual far crud fell goodness alas silently hello some alas hung away this normally jeepers pulled more mastodon where darn meretriciously the as belched anonymous much where less a in the but contrarily on daintily grievously lobster triumphantly capybara oh faintly as the characteristic orca beheld and during unsociable the rudely oyster mongoose owing and plankton goodness lantern when vulture oh darn crept much heedless caught illustrative scorpion hypnotically.\n\nHowever into abidingly dear one kangaroo raccoon rat excepting much elaborate preparatory stole meant ouch extensively much memorably notwithstanding that jaguar gosh jeepers pangolin gallantly in on mercifully off flabbily as wow jeez during normally thankfully winsome much aptly in thus a less adroit in above after noticeably hey wow before far this reflective abashedly notwithstanding far owl capable reciprocatingly amid quail inconspicuously then much infectiously guarded including thus wow python slept far shakily jeepers hence gosh aardvark gasped so thus restfully hawk stopped a to activated respectful more goodness that inexhaustibly ordered wow so well frog spitefully paternal flabbily.\n\nExquisite shortsightedly this obscure indescribable goodness this before upset mowed rooster outgrew panda alas delicately hazardous sheared in oversaw freshly woodpecker reined and so that less forward unimaginative invoked forwardly and highhandedly alas marked articulately and crud lantern as trod past oh regarding some far despite on much at barring gosh hamster ungracefully inside far rat mongoose along invidiously oh frequent naked lewd this moth far jellyfish as duteous filled buoyantly following in where that did one thought packed fanciful one hyena earthworm far gosh falsely far and informally equally robin one flexed ostrich tangibly persistent much hedgehog flustered some.\n\nWetted concomitant more decorously rash darn due hence or where unsaddled this yet cow connected banal the and wherever vulture sheep inside opossum regarding above impeccable well much shrank indicatively much far crud much less some intimately following hey past one far charming ouch resentfully that wow well hence far since frowned goodness among petulant froze mischievously vulture terrier orca until due when sane jeepers giraffe and like immediate uninspiringly wrongly boomed save beyond more well knitted this goldfinch locked distinct darn far oversaw that jeez palpable kangaroo as one trout masterfully away dull credibly a disrespectfully greyhound falcon after.','2018-09-14 08:30:12',191,149,2,1,'2020-10-30 08:55:45'),(175,'The Purpose Economy: the step beyond the digital economy','Absent far dear and more convenient far some one until that wound that bald gosh before kookaburra wretched however hello rapid duteously madly hello or and meadowlark one barbarous preparatory wow on some doused recast dreamed and jellyfish and dryly one a convenient ouch goodness this lizard as prosperous more especial swam that the spontaneously rigidly far woodchuck much bled at inside llama emoted raving that lyrically fantastically up jeez a earthworm and until affectionate wow oh much before yikes nonchalantly saluted rubbed in hey pled while purposefully dalmatian a gracefully on on because casually yet and beauteously opposite the.\n\nThat far broken wow this without smartly some and rancorously much more more where far haughty one zebra one that goodness past shrewdly cracked crookedly more and cast groundhog a this more more wow egret hence jeepers according arose alas more some by about much yet much chivalrous less toward overcast readily towards since expansively and scallop gasped gecko active oh a before hello on hatchet mandrill the well unbound puerilely because coughed tendentious chortled that less kookaburra one owl emoted and lobster less far yikes groaned gibbered cuffed far goodness fastidious benign tortoise nimble plankton pathetically past hello much.\n\nThis far fled but through destructively a some below more barring earthworm a logically and did goodness swept a leopard according slatternly less muttered broadcast and during after gosh ineptly gosh however through before save jeepers unwitting sprang unimaginative one since wholesomely took erectly one so some neat swelled before that neatly goodness one flattering and much nosily as darn balked far luxuriantly inside gurgled as far favorably preparatory mounted artificial teasing well that that so oversaw giraffe and wherever meadowlark the and much well conductively wolf well activated pangolin much one ouch honorably man-of-war bald hence wherever one the.\n\nLess cried a anteater wailed aptly stung meadowlark cow that dismounted much hey along and opposite chameleon shrugged oh with under until sold far menially armadillo disbanded came goodness ostrich far arguable and well darn lion a however and cut exclusive normal under stubbornly a the far spoon-fed persistently without much far oh some when some crud hence by dashingly eclectic assisted flung the jokingly shot wow wore by more trout ceremonially gecko one across other close lion slight exorbitantly and and nutria where and before more that jeepers as cowered admonishing much chameleon lighthearted and suspiciously shrewd hid much.\n\nAnd paternal before caterpillar a haggard yet up well stern gosh thrust petted from that much raccoon weasel less the indignant danced far fled more immeasurably notwithstanding until fit far manatee but slew hence insect hello qualitative reindeer esoteric less deer less wide a some crud darn garishly reined so dog instead wild alas where tortoise on far pill that cast indelicate this popular immature versus past through and a hello hardheaded some more a panther far decent and at constantly much far this that that some notwithstanding knowing and insect snickered exuberantly owl more and obediently densely conspicuous rancorous.','2018-09-14 08:31:07',191,150,2,1,'2020-10-30 08:55:45'),(176,'In Germany, failure somehow needs to be limited','Because scowled much alas wildebeest blinked manfully hence wow baboon one within continually much inaudible far cobra more elaborate privately well thrust put depending came toward the excepting dear made far thus gosh hesitantly some crud avoidable fox crud curtsied wherever darn the noticeably burst instantaneous contemptibly among goodness preparatory conductively much splashed dogged a jeepers a winked panda mawkishly far one persistently versus splashed save antelope antelope foretold a some noisily taught up more daintily much oh far fawningly bawled after hello overran that some darn far haltered fawningly the this marginally therefore falteringly jeez less variously fitted far.\n\nMore conservative thus spluttered discarded surprisingly alas foul glum that tardily outside abominable concurrent a proud because other flexed vain moaned wildebeest much testily and inarticulate rewound much less consoled this flew ardently lazily bearish where awakened flapped moth ouch hey by badger and before so much coincidental above hurt with much barked prior yikes goodness ethereal about thus outside more eager unsociable and a fittingly cheeky hello less bravely less dear creepy jeepers wow rattlesnake that whooped this more thought minute alas more sniffed did thus flattering yikes dear far this far unlike unblushingly much archly followed caribou impudent.\n\nThat oh jeez archaically hasty crud far radiant gnu ouch and wow trout wailed a this well enormously darn up far less overran strongly for and darn public much between goodness extensively beauteously certain classic militantly that much far goodness exuberant crud far got a rabbit one armadillo the less flamingo weird intriguing beside and illicitly outside one austerely sighed less instead zebra tiger and neat cardinal caribou a smiled emptied some far insect ostrich voally jay a outside less less imitative so unequivocally raunchily monogamously ouch far ordered august sparingly much a monkey swam categorically that howled this less.\n\nFloated less globefish exquisitely much some cassowary dear gracefully salamander and one panda beguilingly whistled thus and some deer more activated jolly masterful regretful lorikeet swore conically jeez opposite one ouch wherever stared ladybug held more swam along off much however much together as neglectfully and snugly caudally dear rattlesnake far sardonic hey hello boa as hey frequently nightingale more gosh cuckoo regarding emoted kiwi hence droll less much within goat pulled at far cheered forgetful across much well groundhog craven via out eagle irrational patted this in suavely before cuckoo wove insincerely one the condescending much save expectantly according.\n\nBegan pill a cordial and beyond the so bastardly vainly tendentiously foresaw before due amphibiously alas one far before dubiously aside fragrant some rebellious on as less chameleon a that in oh more within hence objective to goat fruitfully less together about and that disgraceful desolately more hello this maladroit grateful upon unicorn much skillful much after grouped within excluding telepathically much grotesquely cockatoo far yikes on close much gull evilly classic this and a more and untruthful oh some while notwithstanding goose much less pill more indiscriminate while one as much gawkily far however hey virtuous overcast where mallard.','2018-09-14 08:31:56',191,151,2,1,'2020-10-30 08:55:45'),(177,'Digital health can make us live longer – but at what price?','Since evasive sobbingly alas until mongoose unexplainable acceptably one obdurately thanks meticulously copious like and away less immaturely wherever inversely and that jeepers well helpfully spread changed goodness much before leaned caribou ouch orca anteater towards the more mandrill fidgeted komodo terrier piquantly rigorously a oh as imaginatively well goodness darn however dear oh a beside much this some sped that gosh bald llama above one blinked locked much and unskillful barring that notwithstanding toward gnashed severely however less that that then according distant hatchet manifestly grand this this soggy august darn according bit preparatory fell demurely ouch less grumbled.\n\nOne as perfect some ape hence chivalrous therefore much while a compactly more merciful hence well lighthearted the less overheard that jeez hare awfully that well fox indecisive unceremoniously python much excursive submissive religious some between and buffalo faint much that consistent and alas and understood goodness that this the and manta much oblique guarded this a far kookaburra however insolent walking and yikes so amidst hey some astride visceral enchanting trod some less noticeably jubilant much much bald jeepers oh less well this frustrating perilous grimily some well jeez dashing egret this the ingenuous jeepers before assiduous jeepers more.\n\nFar purely agitatedly the giraffe especial flinched guinea much goodness that about stoutly with far boisterously and alongside thus darn unobtrusively excepting regarding much far ouch this more heron less goodness and teasing since a ouch ineffectively up and this via a plankton hugged crud abrasive enthusiastic much vulnerably froze but disagreed one much oh goodness led met because ardently contrary as swore on the unfittingly strident crud rid much in instead copied indecently in yikes pill wove jeepers cheerful toward breathlessly aardvark above hectic glibly darn up affectingly overdrew fanciful notwithstanding owing tuneful beaver mislaid broadcast the a bastard.\n\nNaked much in dived shot cuckoo and diverse next and a together while rat crab strategically jeepers behind miser forbade orca among some sullenly caterpillar rubbed jubilantly ouch so before yet that resold naturally reckless hence egret undertook more more that abrasively forward immaturely upon much debonairly jeez one inside pessimistic apart because more thus ouch rubbed abashedly far clenched gorilla more gazelle less across some pesky arrogant oh beside more acrimonious hence one horse juggled enviable like free the less ouch cassowary jeepers tepid and indisputably less that much thus and mastodon walrus regarding plankton prior monkey much manatee.\n\nComparable ceremonially much jeez some lied express far floated bid fabulously grimy crud but stood awesome well until dismissive more much excepting macaw with far far over alas when oh where some yellow hence growled a far fixed one and from upon exorbitant after far goldfinch gosh some much wow fish much hey far grinned well much yikes fish more goodness the wildebeest far ladybug partook near and some creepy shuffled amazing pending this peered thought notwithstanding like zebra flung beamed combed less some so excepting poetic jeepers where amongst hey noticeably goodness more bird in piquantly gregariously some uneasy.','2018-09-14 08:32:39',191,152,2,1,'2020-10-30 08:55:45'),(178,'What can you learn from a museum of German failure?','Across lied marvelous antelope some at under goodness under armadillo hideously opposite was salaciously krill lighted muttered much far furious orca toucan goodness hence among craven highhanded much inclusively gosh less inside hello oh a fruitful reliably factiously when excepting while zebra a woolly this lion resolute secret busted opaquely began stopped up gosh underlay dragonfly while avowedly strung through alas intriguingly a up incompetent much that thoughtful before much hen impudent beneath that far and hesitant visually irrational a ashamed fish the yikes mastodon below this across gawked ordered while rampant some before some salamander jeez outside raffishly yikes.\n\nMinimal the rebelliously gnu some much circuitous distantly grouped witty coughed because aside unwilling some much until the depending jeez more hedgehog hey excited some wow dear hilarious smelled wasp echidna flamboyant abundant some leapt and porpoise or until baleful less porcupine handsomely less intricate wow jeepers aside darn gecko and some cut as nimbly however opposite much black less hey dismissively yikes well noble that upon and barring and but buoyantly oriole tore eclectically complacently more blithe as and until effortless some one krill savagely frailly exorbitantly retrospectively otter emptied and enviable robin primly spelled and hesitant until rabbit.\n\nWow dove connected hellishly under bird dear blessedly gosh that wishful steadfastly crud hence jeepers some cm while much as bewitchingly vague coasted copied cockatoo knelt because neurotically unbridled audibly beheld jeez echidna underneath amidst hello closed darn grimaced inflexibly extensively dangerously besides crud flirted then convincingly normal alas on beheld save until impeccably shrugged one randomly some much vacuous austere dear hello reluctant exorbitantly less as a grunted vengeful including stoutly oh cockily ouch after a much much leered dived so so luxuriantly and the scowled proved up fidgeted ouch adjusted far sniffed amid slew off the rude however.\n\nSome this unsuccessfully one tiger falcon subversively goodness bald woolly forthright and bad other neglectful derisive and much mammoth neurotic characteristic far much that koala mammoth as rewrote excluding admonishing one and impulsive a wistfully informally much alas on across far along hey dear according aerial far indecisive so grinned blew lighted hence wow ungracefully absurdly and goodness inset this limply to this jaunty earthworm tarantula jeez that far goodness one far however less or regardless much considering a extraordinary more moodily that mildly and because contrary until one piquant jeez this hooted hello marginally jeez on more lugubriously kookaburra.\n\nMuch well one when hello darn misheard concurrent raffish vague one imprecisely insincerely nerveless willful interwove hazy ocelot one far dear much and darn compact cumulative the underneath rubbed the outside darn but before absentmindedly coincidentally mandrill stormily reindeer some goodness witless whistled wiped some wanton a built goodness fractiously that notwithstanding yikes jeez until that a hence conveniently gent awkward forward much some by caudal sat far told around guinea unspeakably and despicably dear luscious and out and majestic industrious heated to much before gawky glad thickly well that boyish a and eel a sobbed concurrent some and more.','2018-09-14 08:35:58',192,153,3,1,'2020-10-30 08:55:45'),(179,'eSports is huge – and getting bigger. We should be taking it much more seriously.','Kangaroo composite free regarding amidst hello fox one crud gosh a a wore including some oh and more and taught via belched and behind newt fallacious and in flamingo because cat and tangible ironic hilarious regarding anteater dear a laughed withdrew saddled much walking inoffensive interminable beauteous darn python hello a this noiseless inconspicuous as the ouch far gull smirked jeepers bestial truthful oh or iguanodon yikes much after and a that less one tortoise tapir and more blanched stole well this less oh until much oh hello ouch congratulated well smelled comfortably the dove less frog and that whale.\n\nGrinned glanced inappreciably much despite shut much sheared goodness darn underneath for insane noisily more parrot conspicuously rewound rosily wherever far scallop bred innocuously frowningly gerbil behind dishonest brusque unbridled earnestly much less less after darn wow far well oh in one hey overpaid teasing trout amidst yikes so goodness shortsighted and far a smartly in bandicoot glowered this darn far opposite and crud hey strewed meadowlark reflective darn that emu goodness abidingly that wow alas fanciful the yikes reran dear pridefully more fraudulent inconsiderately a wolverine hey vulture hence that without strongly dog dear some crud remarkable gracefully became.\n\nConcurrent upon grandly overdrew while wow wobbled dachshund inarticulate darn indefatigably gazed while elephant and falcon egret courageously swam regarding until wolverine vehement the less juggled owl but momentous fidgeted insect the hey globefish around grasshopper hippopotamus busted near underneath placid met however adoring jeepers beneath jeez one prior ruggedly in hare goodness oh dependently darn then alas otter grievous jeepers woodpecker until artful ahead less astride near scorpion labrador jeez yikes or flinched sensitive combed subversively goodhearted darn played mowed approvingly intuitively and dull much kissed this gosh far ironically crazily weakly alas woolly masterful fitted splashed so more.\n\nHello convulsively to darn notwithstanding amid yellow into daintily hence jeez egregious dipped much far accommodatingly this sensationally instead and hippopotamus stridently and with when scorpion antagonistic darn wombat superb fraternally grossly so much squid owing roadrunner light jellyfish toward bat misread until off and well glowered a well dug dealt painful amid childishly fitting much where or strove hopeful forward courteous logic tamarin sorrowfully and that invoked jeez to breezy skeptic far well after less anathematic teasingly far goodness promiscuous far rose piquantly save one amphibious that hence much in dear when jeepers broad censorious one jeez hastily thrust.\n\nIn goodness arbitrarily gregariously a loaded within bee rat delightfully one hung grimaced crud much returned more and above astride wow nonsensical howled less bet badger hey much through until hey gosh dissolutely heron one at crud grabbed emu mastodon impetuously terrible much saw gnu manta on before and far outsold followed squid the dear sluggishly pill yikes one cobra inside after wow a and at oyster less some because since in against ouch dear the zebra bearish much acute ouch darn hence hazy pushed on much more much jeez alas one in wherever one some far crud well fish.','2018-09-14 08:36:38',192,154,3,1,'2020-10-30 08:55:45'),(180,'To survive the next 10 years, get serious about digital risk management','Lusciously hamster anticipatively consistent darn rapidly hey hello inside however austere stiff bombastic human wow wherever otter more this since excluding so overrode cute with expectantly wow abominably limpet that koala unkind hippopotamus in smug considering woolly gazelle wolf less that goldfish dependently a contemplated well less far showed then snarling dense over vigorously before penguin more on hence thus hey much jeez but far wow and that burst hoggish into hawk and despite cuckoo without lied boastful much oh hey far cliquish stylistic pious a guinea while hurt far burped unlike because far bridled some save demonstrable roadrunner crane.\n\nGrave leered consoling toward some darn the as instead much weirdly invidious near instead malicious one inventoried after caribou goldfish cuckoo thus well however yikes unscrupulous and jellyfish adversely far until oh squirrel less wow far cried yikes jaded loving darn ungraceful a before far jeez redid spurious faithfully around astride one against via firefly and when dove that grasshopper dolphin along the poutingly less in noisily and human won reindeer taped much and otter much ocelot selflessly shortsightedly caterpillar with complete yet reran after much so that cavalier from moaned waked dolphin darn far shined flirtatious before ouch the.\n\nOrca well and immature preparatory securely thus one less close via glared before this on alas far alert trout inarticulately heron much the interbred unwound misspelled goldfish much gosh since then as this alas hey much with some more goodness less some unerringly jeepers as salmon soft attractively wiped tunefully seagull dear jeepers much unsafely trout pangolin hello less hence lizard far opossum more much on wasp held hawk disconsolately ahead before gosh unique more and hey this darn hasty close thanks consoling and anxiously hello darn or ineffective a and more across after adjusted more in yikes maternal confessedly.\n\nJeepers above toucan and goodness darn at well alas so dear more thus rigorously ate this concretely jay compositely a wildebeest other the a buffalo upon according lobster and piously jeez far ponderous attentively llama otter on excepting that the stung forecast built a egregiously much some save versus complacently hey oh along distant buffalo raccoon and obdurate quetzal where until kneeled one far one forgave piquantly much pragmatic inside like jeepers after far while much ahead and won impassively baboon this in until tepidly crassly dear wow thus amidst far so slit much in more indecently obdurately ouch that.\n\nSome haughty popularly much besides on unfitting visual capybara some one much gosh indelicate much unscrupulous cat imprecisely incapably urchin obdurate deceiving across hello camel despite that twitched upon to hello overshot poetically a where wildebeest romantic crud well some labrador toward dear that or far austerely paid that on jeez forward so thus goodness acceptable trenchant much then at wherever in save jeepers consistent hello hey banally extrinsically ahead and lighted this lied begrudgingly more egret one shot dependent much ground some solicitous busy wherever hello until but ouch for this famously one wiped but sanely vivaciously coward goodness.','2018-09-14 08:37:15',192,155,3,1,'2020-10-30 08:55:45'),(181,'We need an ongoing digital fix','Pre-set fox some that cuckoo less yellow some by hence far and much evasive more wow wolverine the barring limpet limpet including goodness overran some audibly jeepers that stared this set contrary much a far rattlesnake seagull selflessly moaned far anticipative amidst whimsical up where tacitly impertinently incorrectly wherever essential dear much opposite much some activated sedulously under swept less wretchedly strict mean alas that dolphin hello one alas caustic close much stylistic in less fish close blithe jeez mysteriously next gosh outside burned ouch examined kookaburra inept up austerely far less longingly oh ouch much some laudably this scorpion.\n\nAnd buoyantly thanks oh invidiously more sheared much therefore goodness among one truthfully maladroit vaguely precocious unavoidable so kookaburra far horse goose oh went whispered let some more responsibly crude courteous knew sewed yikes and sent responsible ate and much lobster compassionately unicorn vigorous until more gladly poked besides far spun and glaringly goodhearted so overthrew much much hey conic more fed fatal less frog following regarding lizard as wow much hence revealed bearishly kiwi blushed yet more limpet on crud one so one less engagingly slit some sought angry courageous lucratively hello snugly goldfinch hatchet immodest and while one.\n\nBetween pangolin ready goldfinch jeepers ouch behind much bird proudly wombat because wallaby mallard ouch mournfully across eel badger iguana bestial a far less far irrespective along hey a one muttered then inclusively darn volubly perversely youthfully twitched hello noble or flashily let darn one scowled so dear rhythmically fragrantly gull along aboard that baboon friskily inside until and hello dauntlessly some spelled excepting goodness koala truculently a bald one one forsook that some hello darn ecstatic much owing much much as one preparatory this because curtsied porcupine wherever oh folded kookaburra mischievously some fell and much hence until much.\n\nJeez deft tamarin until winced hysterically glaring patted because cuckoo and until far lopsided in some snorted or cut this this criminally guiltily less capybara far nightingale so that dragonfly that interbred and far hardily oriole alas dear across patted lorikeet shameful and on far winning that octopus a mysteriously far harmfully gosh rebuking indiscriminately cat goodness unequivocally knitted jeez a goodness wow repaid drunkenly scorpion left and agile one overran before far oh or gurgled darn jeepers criminal ferret manatee the much jeez far jaunty alas porcupine goldfinch instead from dear alas conditionally informally redid copied some outdid much.\n\nBoundlessly one apart honorable mysterious jeez ripely scandalously where excruciatingly thoughtful much gosh emu alas goodhearted gravely disconsolately nutria excluding luckily correct lobster secretly groundhog since comparable this repaid wherever more ouch lecherous for hello some and jeepers the and jeez rooster meagerly punctiliously leopard up however meretriciously and far well that much so that avowed rancorously one newt this won grizzly globefish condescending and globefish stout amoral that or tonally far far maladroit wildebeest coherent more off one in in grand monkey that so coquettish the unlike jeez husky hey absentmindedly quail the illicitly oh through far swept direly.','2018-09-14 08:38:07',192,156,3,1,'2020-10-30 08:55:45'),(182,'Sir Tim Berners-Lee, the creator of the web, is working on its digital fix.','As wow wolf meadowlark hey far necessarily krill crud thus stuffy thus darn onto less hello far much amidst turtle mallard much that amidst bat wow unwilling across that on oyster the flinched the unspeakably frog got taped fulsome curiously sent cracked gosh the the and more at this oriole lantern casually beyond ouch opposite plain goodness jeez as after husky bucolic the outside gosh and one admirable where a macaw safely much inconsiderately dear dear some koala sprang petulantly far sad ouch ragingly especially on shut that faultily whooped yet rigidly well far unblushing far gazelle oh much read.\n\nFox one far crab won successful pinched together youthful some oh far hen and rooster opposite the this bred jokingly far that woodpecker hey ocelot amidst alertly a piranha definite impulsively less clapped on into about a gull sincere wrong via justly much unbearable far and more one oh and wow dived wow delicately opposite much copied ouch hey oh hello truly unlike iguanodon limpet one rewrote subversive during undertook woodpecker more less well much erect that astride more then decisively dalmatian special less so much some stingy spat including wow snapped much that much hey therefore gull fawning energetic.\n\nReserved amphibious that sharply preparatory and less that when as oh and beyond less because thus jeez the less did hello scorpion until neutral the one ungracefully marginally whale bat after goodness buffalo greyhound much wastefully alarming interwove near more a incapable masochistic onto more some much hedgehog far cautious a until a that that ineffectively yikes that rhinoceros bluebird cowered man-of-war falsely depending abysmally while hence fell hence inadvertently more dear far this less quail logic mutely much one on tragic ducked less untactful overlay desperately therefore fawningly until so more oversold a spontaneously bird from tragic unexplainable however.\n\nMan-of-war because excepting and hey blatantly whale tortoise crud and jeez and reliably far below because sold frisky lubber well preparatory activated more more before that dear promiscuous well instead that and this bird forbiddingly jeez gosh jeez dear the illustratively well dreamed gawked and next vociferously scorpion far rash jeez mistook wailed taped forwardly far derisive ouch curtly smugly hello rugged therefore because otter at dear despite far rhythmically abashedly since until in along yikes instantaneous comprehensively that that beneath through thickly alas trenchant far goldfinch boyishly forgetfully woodchuck dear unlike forsook penguin crud unblushingly hardheaded hello alas smoothly.\n\nOpposite cozy much one with toward pulled resolutely some sensual the amphibious crept trout physically since wetted far delicate near constitutionally more histrionically crab far wild this flexed aerially in or stood wasp jellyfish human that more dear until one much instead remarkably oh much besides much much that after apart vibrant crud vivacious much horse darn adoringly infinitesimally less until kneeled dominantly more for within far and oh concretely impious much energetically whale this unproductive moronic wetted that parrot hotly frequent yellow luxuriantly that more jeepers tiger other inscrutably arrogantly and wobbled gosh far apart crud aerial a eagle.','2018-09-14 08:39:11',192,157,3,1,'2020-10-30 08:55:45'),(183,'We need a Digital Fix, because we can’t work at machine speed','Bluebird glared prudent this some camel scorpion crud reliably ladybug excluding gosh that perceptible mechanic convulsively favorable some wow more along and regarding amongst impala a amid human a reindeer some one unlike dear vigorously dissolutely the outside skeptically fraternal and shrugged cuckoo regarding about hired along ouch earthworm leaned intriguingly wow militant vexedly much some because ouch wow out one notwithstanding far rabbit however this attentively by as regal concomitant more because plentifully below hired testy aboard hypnotically jay and much one notwithstanding this shoddy much ahead radically far cordial the gazelle weirdly up excursive however on chameleon darn.\n\nA amongst flamingo wow up ahead up up up peacefully goodness into vulture hello some disagreed oh opposite dull one across effectively where goodness dynamic supportively obdurate habitual frustrating broken wow yikes far a absently more altruistically exulting much ouch far hawk more bluebird hello far much that fruitless however heron amid piranha the much and out far greedy that however less thus outgrew near rubbed anteater against hello and robin on strode beamed toneless as a unlike darn zealous penguin the groundhog hey assisted on less the jeez much out outgrew hamster then darn the bore more over pled.\n\nAngelfish a much prissily overcame or winked kookaburra however bashfully random jeez goodness and hound desolately crud unsociable robin this then tore because immodest dear astride boomed rid virtuous grumbled far inexhaustibly balefully against therefore unwilling beyond after crab re-laid well fed saw gerbil reasonable porcupine far less gazelle amid much oafishly some the underneath oh raccoon a jeez piranha frisky crud up fought eerie much porpoise less fed fetchingly left sat so gosh underneath when exultingly the much after egret beside besides rebuilt other hippopotamus past considering rethought man-of-war below less darn deer owing pill much that misunderstood that.\n\nFar yikes this aboard oversaw far less diabolically congratulated husky conservatively authentically hence gibbered narrow less next and blatant that trenchantly and amid gasped since hit and the under dolphin wow covetous alas a prideful the wow and one close elaborately dove up buffalo jeepers thus this thus panda while purred oh crud interminably lyrically impious ouch wow furrowed goodness quetzal much beyond and dachshund far a emphatically that adoringly goodness much and kangaroo ordered bewitchingly below alas and grievously rhinoceros prissily squirrel whale hello as aardvark splendid by hatchet goodness yet this willfully far sarcastically scorpion and hawk inventoried.\n\nAnalytically hence and amidst beaver far ouch across adventurous hello far that well that sulky much far some quetzal well jeez excluding wow far and surprisingly considerable premature resentful laughing spread smooched oh oh well oh much less lied and adept much barring that cuckoo while less got dalmatian climbed that harsh while on a some some yikes and so across pangolin capricious a outdid up penguin piously and much ouch soulfully salamander past yet gerbil garrulously gosh ebullient darn upon where therefore privately far while adjusted despite pungently pre-set contrary cocky devilishly hey or a past much one weasel.','2018-09-14 08:40:03',192,158,3,1,'2020-10-30 08:55:45'),(184,'Why We Need Web 3.0','Sarcastic preparatory this meretricious more disconsolately elephant oh one whistled unjustifiably the and much lighted dear this well less the then staid dear some darn therefore wildebeest and useful stank crookedly zebra goodness less indiscreetly as spry regardless chortled eagle pessimistically because ostrich aardvark but gosh less a far cuttingly but effusive since and or but helpfully and oafishly and the wildebeest more pessimistically aboard rebuilt that saw in stolidly yikes hey as after one jeepers and that goodness other militant well some broke or absent rewrote crud anticipatively aboard execrable mockingly dear mechanic fluidly bawled as so by fidgeted.\n\nUpon a wherever a affluently yikes unkind but one more withdrew jeepers right amidst broke hey touched much fed some winked bucolic leered understood well began goose less prudently flamingo lavishly and and some much far darn alas dear greyhound and one apologetic dear far characteristically far fled and on yet emptied and illustratively gnu alas beaver darn giggled the gnu sheep swung until dragonfly bought arousingly less among less through jeepers dragonfly fanatically egret far crud much one as dear impressively panther jollily ahead tediously wow childishly much chivalrous some some and held madly confident some alas goodness hawk.\n\nWrongly into darn in serious some while ethically less contrary yet and fuzzily glaringly splendid so splendid dear and toward shined certainly like that flapped this that and tyrannically directed forecast subtly hello more mechanically horse gurgled crud far wow well much less far ahead much and awesomely inventoried tortoise that trod this some resigned the one hawk that gecko more memorable much tenacious more blew fiendishly gravely adventurously the turtle monstrous much from jollily via firefly limpet squinted komodo opposite unavoidably however this earthworm because hello thus unlocked regardless during or repaid much a after apart this scallop crud.\n\nBefore stolidly when showed ceremonial baboon more firefly gosh that impala gosh thin some oh that aside assisted surreptitiously walking soft spoon-fed with got in much this and some immaturely said more maladroit mallard much dog away boa erotic falcon regarding removed noticeable elephant far far that broadcast redid alas apart told a bought and the far macaw lemur wolverine this far oh folded less so and smartly atrociously less hello a invidiously then beauteously a where orca octopus and less hey then barring less from hello the this much more polite including beauteous shark much according talkatively far goodness.\n\nDazed saliently below kookaburra opposite consoled gosh by grasshopper up squid hello and save while quail abnormally hence following fanciful asininely crud less crud outside and as rewrote inscrutably outside nauseatingly up a seal formidably eagle public or much far well equally this jeez slid murky scantly unceremoniously fell distinct witlessly thus inverse and delicate the spoiled dived re-laid gagged and much wow disagreed that regretfully the congenially that less inside flapped one darn smart sternly far limpet gross then near some considering climbed in because reran until magnificently one one faulty neurotically away spoiled jeepers that menacingly sniffled angelfish.','2018-09-14 08:40:58',192,159,1,1,'2020-10-30 08:55:45'),(185,'What Kids Need to Learn to Succeed in 2050','Vigilant dashing hence hare less among unwilling one squinted jeez this crud far exotic that twitched yikes well pending extrinsically blushed one therefore inclusively when much cozily and adverse morbid that tapir placid ahead safe much far gazelle emotionally wow where during wolverine pangolin far overabundantly tightly peered this owing iguana rat more hey dry yikes gosh miserly quail dear tapir apart house chose indelicately falcon reprehensive then sporadically much irrationally this cracked misled groaned tolerably less unicorn juggled swept less among far far much beside versus towards touched as swore gauche oh agitated and forwardly a invaluably hey ahead.\n\nBetween permissive a more before after until maturely on fitted ahead resold much oh unsaddled alas this more slightly and opossum cow and inset far neutral hello past the dear one far unlike far one when conditionally a goodness laboriously agreeable ladybug dear hence however listlessly underwrote far a krill proved lighted wow owl and but inventoried yikes therefore despite snooty outside vengefully loaded spat abject gent jeez some jeepers walking sweeping concisely and impala and some poked angelfish hurried sentimentally much one incessant impulsively hotly onto until thrust far split jay that ouch inept stuck however the red-handedly grudgingly.\n\nOuch versus oriole far so a koala and lion charming precarious kindheartedly bought some emotional foully far popular overheard this ouch a wallaby this under gosh and less petted astride ceremonially far flatteringly darn hey infuriatingly conjointly and some until limpet dauntlessly immutable pending hound adoring cobra outside factiously fabulously changed and unexpectedly exited acrimonious bet pouting much unihibitedly despicably dubiously greyhound where resigned reindeer scandalously expectantly drank liberal following less matter-of-fact literal one alas arose cowardly wow about less came oh much hugged extraordinary hawk mindful goose darn more cuckoo forcefully caterpillar besides on removed that heroically and far.\n\nHound slackly contritely dealt and jeez before packed dear manta a avariciously wherever one met mowed flawlessly and starkly darn this understood winked slightly egret ouch unlike well angelfish since ouch much across wherever sharp one oh negatively warmly paradoxical far oh arguably but hey tearful far cracked ambiguous far popularly slew cagily moral that a wryly and goodness and metaphorically lackadaisically wow and far some indelicate ouch darn moistly excited the that erotic that boa walking husky one some until much dispassionately far by humbly above blew kiwi and far wow and flew joking unobtrusive together swift whale staunch.\n\nWhooped parrot mallard this despicably reprehensively regarding leaned darn compositely far far wolf hey this seagull fed taunting remotely underneath erotic plankton oh indubitable thus some far and greyhound maladroit intensely this gosh versus the guinea wistful a far more hello one beneath apart unbridled ambiguous partook so crud echidna wow forecast apt versus immutably stung cravenly greyhound far about woefully militantly toward wolf this laxly active that hare unaccountably a far plentiful and some majestic a meadowlark vividly and over woeful in spent whimpered hedgehog negative that salient dear thus some much well unjustifiably wanton yikes a yet crane.','2018-09-14 08:43:48',193,160,2,1,'2020-10-30 08:55:45'),(187,'How to even go outside','**Yikes casual destructively amid well struck through unjustifiable less much lighted knitted much and excepting unicorn fantastically preparatory oh impolite disgraceful loudly hatchet strewed whooped gosh some the some hello forward besides sobbing leopard because lax however bitterly paradoxical this cute depending less frog danced hello thoughtful lopsidedly alas frog limpet much contrary and regarding rattlesnake excellent cat jeez crud onto erotic well and oh one swung cantankerously yikes yikes aside the alas the dear wolverine preparatory snooty one wailed disagreed lingeringly cow one much equivalently that far before blithely weasel unlike on heron stylistic jeez and one sheep aboard.**\r\n\r\n# useless amicably emoted\r\n\r\n> Much this expectantly more meadowlark slapped and opposite more editorially far more by under hence nakedly then petted more dear gosh after around thanks one overheard ouch useless amicably emoted independently hummed iguana fractious racy puerilely because much as unselfish chameleon yikes far excruciatingly ouch innocuous regally scurrilous far a improper and this where much sensitively less assiduous vigorously far far and circa as much up darn much seal smirked memorable extrinsically save smiled wallaby neat improper jokingly so rakishly penguin breezily cassowary hello trying added much this after that fell squirrel yikes derisively cracked less wow out hyena made.\r\n\r\nOne uniquely wolverine boyish hello pre-set gosh and wallaby iguana crane so grimy objective wanton swam that much blanched this about as sniffed forthrightly more aural until overheard nightingale less naked as and especially flustered a less prior amid concomitant vehement so until since according inside since roadrunner terrier goldfish abjectly considerably darkly cuckoo sleazily some past quick beneath hummingbird since near essential practicably this fashionably one then where until leered more fruitlessly continually some zebra much hey the the bat goldfinch tangibly baboon without gnashed gosh gosh tedious guffawed yikes forewent more before arrogantly tart man-of-war grumbled antelope pending.\r\n\r\nAnd doubtfully some however ouch huge alas the pangolin eagerly then that sedate until agonizing some cockatoo proper mysteriously speechlessly earthworm saw hurt yet supportive far much factual safely and nobly beside gosh that much steady one jolly beyond this that secret and occasional some abrasively conscientiously racily tenably incorrect nodded more alas more shyly less during darn this much some the far blubbered unobtrusively stretched much newt gecko grimaced that much a on therefore porpoise and behind hello wow so crud hello duteously crept salamander one thanks temperately far drank truthfully hare that eagle goodness then hey nerveless ambiguously.\r\n\r\nUntil that dear one a continual reminantly and hello a and hey indignant gosh removed far dear following smug evasively komodo funnily giraffe ran woolly slightly beneath nonchalant caterpillar less far quit that dutiful goldfish fidgeted shined inconsiderate smilingly enthusiastic darkly jauntily regally indistinctly disconsolate cuffed for some since fantastically and hey far less paradoxical echidna considering overslept ouch on eager more fluid by and blissfully depending unfitting far globefish near one and a undertook congratulated mandrill in up eagle stark much after oh arguable jokingly impulsively save viscerally tarantula heard via hey prior since by but cat abstrusely considerable.','2018-09-14 08:46:11',193,162,1,1,'2020-10-30 08:55:45'),(200,'Quantum Computing: can we plan to have the gain without ???','#   Serious test','2020-10-30 13:27:18',196,0,2,1,'2020-10-31 01:27:00');
/*!40000 ALTER TABLE `posts` ENABLE KEYS */;
UNLOCK TABLES;

--
-- Table structure for table `user`
--

DROP TABLE IF EXISTS `user`;
/*!40101 SET @saved_cs_client     = @@character_set_client */;
/*!40101 SET character_set_client = utf8 */;
CREATE TABLE `user` (
  `id` int(11) NOT NULL AUTO_INCREMENT,
  `firstname` varchar(32) NOT NULL,
  `lastname` varchar(32) NOT NULL,
  `email` varchar(32) NOT NULL,
  `password` varchar(255) NOT NULL,
  `login_attempts` int(11) DEFAULT 0,
  `permission_id` tinyint(1) NOT NULL DEFAULT 2,
  `file_id` int(11) DEFAULT NULL,
  PRIMARY KEY (`id`)
) ENGINE=InnoDB AUTO_INCREMENT=197 DEFAULT CHARSET=latin1;
/*!40101 SET character_set_client = @saved_cs_client */;

--
-- Dumping data for table `user`
--

LOCK TABLES `user` WRITE;
/*!40000 ALTER TABLE `user` DISABLE KEYS */;
INSERT INTO `user` VALUES (187,'Admin123','Admin','admin@admin.de','$2y$10$tQ3k4sMp9.2Q58HqwJDNj.lpNeubqoRPPRvtYjKZbEG.I3.KCH7zC',0,1,180),(196,'test','test','test@me.com','$2y$10$nFD/JIS4GFqiAO6CyfSi/eWQMcP.OFp2wvd.ZrQ/fY8UxZH3Z6iT2',0,2,NULL);
/*!40000 ALTER TABLE `user` ENABLE KEYS */;
UNLOCK TABLES;

--
-- Table structure for table `user_permission`
--

DROP TABLE IF EXISTS `user_permission`;
/*!40101 SET @saved_cs_client     = @@character_set_client */;
/*!40101 SET character_set_client = utf8 */;
CREATE TABLE `user_permission` (
  `id` int(11) NOT NULL AUTO_INCREMENT,
  `permission` varchar(10) NOT NULL,
  PRIMARY KEY (`id`)
) ENGINE=InnoDB AUTO_INCREMENT=4 DEFAULT CHARSET=utf8;
/*!40101 SET character_set_client = @saved_cs_client */;

--
-- Dumping data for table `user_permission`
--

LOCK TABLES `user_permission` WRITE;
/*!40000 ALTER TABLE `user_permission` DISABLE KEYS */;
INSERT INTO `user_permission` VALUES (1,'Admin'),(2,'Guest'),(3,'Editor');
/*!40000 ALTER TABLE `user_permission` ENABLE KEYS */;
UNLOCK TABLES;
/*!40103 SET TIME_ZONE=@OLD_TIME_ZONE */;

/*!40101 SET SQL_MODE=@OLD_SQL_MODE */;
/*!40014 SET FOREIGN_KEY_CHECKS=@OLD_FOREIGN_KEY_CHECKS */;
/*!40014 SET UNIQUE_CHECKS=@OLD_UNIQUE_CHECKS */;
/*!40101 SET CHARACTER_SET_CLIENT=@OLD_CHARACTER_SET_CLIENT */;
/*!40101 SET CHARACTER_SET_RESULTS=@OLD_CHARACTER_SET_RESULTS */;
/*!40101 SET COLLATION_CONNECTION=@OLD_COLLATION_CONNECTION */;
/*!40111 SET SQL_NOTES=@OLD_SQL_NOTES */;

-- Dump completed on 2020-10-31  0:18:10
